embedding_model,reduction_method,cluster_method,level,FM,Rand,ARI,AMI,Dendrogram_Purity,LCA_F1,TED
Qwen/Qwen3-Embedding-0.6B,Hercules,direct,6,0.44617963341785594,0.7536457815098173,0.28775655192859984,0.32063247434843134,0.4255856187129117,0.412092364663546,
Qwen/Qwen3-Embedding-0.6B,Hercules,direct,64,0.1986872352447728,0.9513168593213556,0.17345755394421297,0.41105987841917896,0.16492095629024706,0.17266812580924773,
Qwen/Qwen3-Embedding-0.6B,Hercules,direct,454,0.12873747853973463,0.9851183796101062,0.09092558171392963,0.401365194204475,0.17539428521167955,0.3181913492887059,
sentence-transformers/all-MiniLM-L6-v2,Hercules,direct,6,0.44617963341785594,0.7536457815098173,0.28775655192859984,0.32063247434843134,0.4255856187129117,0.412092364663546,
sentence-transformers/all-MiniLM-L6-v2,Hercules,direct,64,0.1986872352447728,0.9513168593213556,0.17345755394421297,0.41105987841917896,0.16492095629024706,0.17266812580924773,
sentence-transformers/all-MiniLM-L6-v2,Hercules,direct,454,0.12873747853973463,0.9851183796101062,0.09092558171392963,0.401365194204475,0.17539428521167955,0.3181913492887059,
