Embedding Model Name,FM,Rand,ARI,AMI
Qwen/Qwen3-Embedding-0.6B,0.5796959914460074,0.5036699978888185,-0.00012847428101806592,-2.7129904271317592e-05
sentence-transformers/all-MiniLM-L6-v2,0.5796959914460074,0.5036699978888185,-0.00012847428101806592,-2.7129904271317592e-05
