embedding_model,reduction_method,cluster_method,level,FM,Rand,ARI,AMI,Dendrogram_Purity,LCA_F1,TED
Qwen/Qwen3-Embedding-0.6B,Hercules,direct,2,0.6824955811546431,0.6242552173961354,0.2457975152428934,0.26319695970029455,0.9781272495748004,0.6633482177002543,
Qwen/Qwen3-Embedding-0.6B,Hercules,direct,62,0.2354322161919604,0.9366853006211319,0.17260568961417672,0.49930132565902774,0.2776551633424523,0.6204625108716736,
sentence-transformers/all-MiniLM-L6-v2,Hercules,direct,2,0.6824955811546431,0.6242552173961354,0.2457975152428934,0.26319695970029455,0.9781272495748004,0.6633482177002543,
sentence-transformers/all-MiniLM-L6-v2,Hercules,direct,62,0.2354322161919604,0.9366853006211319,0.17260568961417672,0.49930132565902774,0.2776551633424523,0.6204625108716736,
