Embedding Model Name,FM,Rand,ARI,AMI
Qwen/Qwen3-Embedding-0.6B,0.21358281057640263,0.6249131408793388,0.00031634346714046576,5.6590136670324226e-05
sentence-transformers/all-MiniLM-L6-v2,0.21358281057640263,0.6249131408793388,0.00031634346714046576,5.6590136670324226e-05
