embedding_model,reduction_method,cluster_method,level,FM,Rand,ARI,AMI,Dendrogram_Purity,LCA_F1,TED
Qwen/Qwen3-Embedding-0.6B,Hercules,direct,9,0.38371700875569587,0.6788209908459257,0.17552661271433037,0.3987109198237551,0.546443359840469,0.5673965101729955,
Qwen/Qwen3-Embedding-0.6B,Hercules,direct,70,0.3169286548903023,0.9563181212337858,0.27866265114725813,0.6616761696498366,0.3676487647090943,0.35058510834838114,
Qwen/Qwen3-Embedding-0.6B,Hercules,direct,219,0.5248436243356287,0.9944442750682659,0.5194580302327223,0.7689733061407347,0.5034779203540942,0.47782456583716826,
sentence-transformers/all-MiniLM-L6-v2,Hercules,direct,9,0.38371700875569587,0.6788209908459257,0.17552661271433037,0.3987109198237551,0.546443359840469,0.5673965101729955,
sentence-transformers/all-MiniLM-L6-v2,Hercules,direct,70,0.3169286548903023,0.9563181212337858,0.27866265114725813,0.6616761696498366,0.3676487647090943,0.35058510834838114,
sentence-transformers/all-MiniLM-L6-v2,Hercules,direct,219,0.5248436243356287,0.9944442750682659,0.5194580302327223,0.7689733061407347,0.5034779203540942,0.47782456583716826,
