Embedding Model Name,FM,Rand,ARI,AMI
Qwen/Qwen3-Embedding-0.6B,0.04561126119720314,0.8953153880993475,-0.0011837332793583793,0.0012091311713391597
sentence-transformers/all-MiniLM-L6-v2,0.04561126119720314,0.8953153880993475,-0.0011837332793583793,0.0012091311713391597
