Embedding Model Name,FM,Rand,ARI,AMI
Qwen/Qwen3-Embedding-0.6B,0.17507042714239968,0.710810790732235,-0.00013944891351760441,-5.1532146317078313e-05
sentence-transformers/all-MiniLM-L6-v2,0.17507042714239968,0.710810790732235,-0.00013944891351760441,-5.1532146317078313e-05
