embedding_model,reduction_method,cluster_method,level,FM,Rand,ARI,AMI,Dendrogram_Purity,LCA_F1,TED
Qwen/Qwen3-Embedding-0.6B,Hercules,direct,5,0.5223793962130786,0.631666068365841,0.2538992052820597,0.40196542102628324,0.5064046165198491,0.4830789258400431,234
Qwen/Qwen3-Embedding-0.6B,Hercules,direct,26,0.38026029011190515,0.9383617193836172,0.3460893133037836,0.5409848558177982,0.34641180924367654,0.34522164017847934,234
Qwen/Qwen3-Embedding-0.6B,Hercules,direct,113,0.38233961115424897,0.9891242205469799,0.37624036249579856,0.4749388773590355,0.3696885013683039,0.38490606950747674,234
sentence-transformers/all-MiniLM-L6-v2,Hercules,direct,5,0.5223793962130786,0.631666068365841,0.2538992052820597,0.40196542102628324,0.5064046165198491,0.4830789258400431,234
sentence-transformers/all-MiniLM-L6-v2,Hercules,direct,26,0.38026029011190515,0.9383617193836172,0.3460893133037836,0.5409848558177982,0.34641180924367654,0.34522164017847934,234
sentence-transformers/all-MiniLM-L6-v2,Hercules,direct,113,0.38233961115424897,0.9891242205469799,0.37624036249579856,0.4749388773590355,0.3696885013683039,0.38490606950747674,234
