embedding_model,reduction_method,cluster_method,level,FM,Rand,ARI,AMI,Dendrogram_Purity,LCA_F1,TED
Qwen/Qwen3-Embedding-0.6B,Raw,DC,5,0.5019570198747935,0.7763421687602016,0.35768779806503076,0.47413464651057063,0.5981311240333823,0.5089832969719855,732.0
Qwen/Qwen3-Embedding-0.6B,Raw,DC,26,0.37013110742396266,0.9414130535944584,0.33908230998106015,0.5719254645148049,0.36492927592406443,0.3237166649287831,732.0
Qwen/Qwen3-Embedding-0.6B,Raw,DC,113,0.2776439921945994,0.9866578915878904,0.2695707968665293,0.38786730608304876,0.32068746771282075,0.3501246966665525,732.0
sentence-transformers/all-MiniLM-L6-v2,Raw,DC,5,0.5356446431292909,0.7942392307146405,0.40327773220158064,0.4700408433817054,0.6101695784912003,0.5238163250588609,736.0
sentence-transformers/all-MiniLM-L6-v2,Raw,DC,26,0.339596165984545,0.9382088202837275,0.3068202224325447,0.5405008481540045,0.31329608007591814,0.2969750904482867,736.0
sentence-transformers/all-MiniLM-L6-v2,Raw,DC,113,0.28095844524035973,0.9868573251964421,0.273205529536712,0.3824226032732611,0.31143887508424506,0.31523010296799964,736.0
