embedding_model,reduction_method,cluster_method,level,FM,Rand,ARI,AMI,Dendrogram_Purity,LCA_F1,TED
Qwen/Qwen3-Embedding-0.6B,Raw,DC,5,0.5019570198747935,0.7763421687602016,0.35768779806503076,0.47413464651057063,0.5981311240333823,0.5089832969719855,732.0
Qwen/Qwen3-Embedding-0.6B,Raw,DC,26,0.37013110742396266,0.9414130535944584,0.33908230998106015,0.5719254645148049,0.3760515527440592,0.3274298924445426,732.0
Qwen/Qwen3-Embedding-0.6B,Raw,DC,113,0.2776439921945994,0.9866578915878904,0.2695707968665293,0.38786730608304876,0.3422530937902992,0.3467541661931874,732.0
sentence-transformers/all-MiniLM-L6-v2,Raw,DC,5,0.5356446431292909,0.7942392307146405,0.40327773220158064,0.4700408433817054,0.5826552493070601,0.5261803560242923,736.0
sentence-transformers/all-MiniLM-L6-v2,Raw,DC,26,0.339596165984545,0.9382088202837275,0.3068202224325447,0.5405008481540045,0.31893942240973694,0.29830169449557836,736.0
sentence-transformers/all-MiniLM-L6-v2,Raw,DC,113,0.28095844524035973,0.9868573251964421,0.273205529536712,0.3824226032732611,0.29767914401093626,0.3187208606717485,736.0
