embedding_model,reduction_method,cluster_method,level,FM,Rand,ARI,AMI,Dendrogram_Purity,DP_Lower,DP_Upper,LCA_F1,LCA_F1_Lower,LCA_F1_Upper,TED
Qwen/Qwen3-Embedding-0.6B,Hercules,direct,6,0.5877201067810827,0.7245872618387366,0.3853989511985496,0.4612883914717508,0.5295695342835767,0.05046749644523563,1.0,0.5160878176469744,0.0683050435044677,0.9638705917894812,248
Qwen/Qwen3-Embedding-0.6B,Hercules,direct,24,0.3726831748325043,0.9171274432362482,0.32106393230695307,0.540883693714978,0.35208893242219086,0.0,0.984493936762457,0.3648360546278773,0.0,0.8972310609309362,248
Qwen/Qwen3-Embedding-0.6B,Hercules,direct,117,0.42539661749785224,0.9893559211889996,0.41685225836179657,0.5391904438881415,0.39270103446185567,0.0,1.0,0.426304721157894,0.0,1.0,248
sentence-transformers/all-MiniLM-L6-v2,Hercules,direct,6,0.5877201067810827,0.7245872618387366,0.3853989511985496,0.4612883914717508,0.5295695342835767,0.05046749644523563,1.0,0.5160878176469744,0.0683050435044677,0.9638705917894812,248
sentence-transformers/all-MiniLM-L6-v2,Hercules,direct,24,0.3726831748325043,0.9171274432362482,0.32106393230695307,0.540883693714978,0.35208893242219086,0.0,0.984493936762457,0.3648360546278773,0.0,0.8972310609309362,248
sentence-transformers/all-MiniLM-L6-v2,Hercules,direct,117,0.42539661749785224,0.9893559211889996,0.41685225836179657,0.5391904438881415,0.39270103446185567,0.0,1.0,0.426304721157894,0.0,1.0,248
