Embedding Model Name,FM,Rand,ARI,AMI
Qwen/Qwen3-Embedding-0.6B,0.21209565881889073,0.6649293194139487,-0.0004206245663311942,0.0003204947913275325
sentence-transformers/all-MiniLM-L6-v2,0.21209565881889073,0.6649293194139487,-0.0004206245663311942,0.0003204947913275325
