embedding_model,reduction_method,cluster_method,level,FM,Rand,ARI,AMI,Dendrogram_Purity,DP_Lower,DP_Upper,LCA_F1,LCA_F1_Lower,LCA_F1_Upper,TED
Qwen/Qwen3-Embedding-0.6B,Hercules,direct,5,0.5269215667511763,0.5454634163650557,0.19670909662170885,0.4417957143100862,0.46897160906026625,0.0,1.0,0.47622804176309824,0.09878156585852776,0.8536745176676688,262
Qwen/Qwen3-Embedding-0.6B,Hercules,direct,27,0.47660118350979225,0.9459451068057625,0.4406599317088568,0.638208128673457,0.43630076200069756,0.0,1.0,0.42316667103365446,0.0,1.0,262
Qwen/Qwen3-Embedding-0.6B,Hercules,direct,128,0.49102159342381335,0.9919097296146476,0.4858736190124262,0.5907260766703565,0.4496557673935068,0.0,1.0,0.47089890823557135,0.0,1.0,262
sentence-transformers/all-MiniLM-L6-v2,Hercules,direct,5,0.5269215667511763,0.5454634163650557,0.19670909662170885,0.4417957143100862,0.46897160906026625,0.0,1.0,0.47622804176309824,0.09878156585852776,0.8536745176676688,262
sentence-transformers/all-MiniLM-L6-v2,Hercules,direct,27,0.47660118350979225,0.9459451068057625,0.4406599317088568,0.638208128673457,0.43630076200069756,0.0,1.0,0.42316667103365446,0.0,1.0,262
sentence-transformers/all-MiniLM-L6-v2,Hercules,direct,128,0.49102159342381335,0.9919097296146476,0.4858736190124262,0.5907260766703565,0.4496557673935068,0.0,1.0,0.47089890823557135,0.0,1.0,262
