Embedding Model Name,FM,Rand,ARI,AMI
Qwen/Qwen3-Embedding-0.6B,0.04290915454691168,0.8981569208296101,-0.00085005996953658,0.0034651095597572406
sentence-transformers/all-MiniLM-L6-v2,0.044231320430233895,0.8981120373430608,0.00014956176724678597,0.006436529492041106
