{
  "None_Diffusion Condensation": [
    0.12156862745098039,
    0.4666666666666667,
    0.7058823529411765
  ],
  "None_HDBSCAN": [
    0.6823529411764706,
    0.7803921568627451,
    0.9098039215686274
  ],
  "None_Agglomerative": [
    1.0,
    0.4980392156862745,
    0.054901960784313725
  ],
  "UMAP_Diffusion Condensation": [
    1.0,
    0.7333333333333333,
    0.47058823529411764
  ],
  "UMAP_HDBSCAN": [
    0.17254901960784313,
    0.6274509803921569,
    0.17254901960784313
  ],
  "UMAP_Agglomerative": [
    0.596078431372549,
    0.8745098039215686,
    0.5411764705882353
  ],
  "PCA_Diffusion Condensation": [
    0.8392156862745098,
    0.15294117647058825,
    0.1568627450980392
  ],
  "PCA_HDBSCAN": [
    1.0,
    0.596078431372549,
    0.5882352941176471
  ],
  "PCA_Agglomerative": [
    0.5803921568627451,
    0.403921568627451,
    0.7411764705882353
  ],
  "BASE-PHATE_Diffusion Condensation": [
    0.7725490196078432,
    0.6901960784313725,
    0.8352941176470589
  ],
  "BASE-PHATE_HDBSCAN": [
    0.5490196078431373,
    0.33725490196078434,
    0.29411764705882354
  ],
  "BASE-PHATE_Agglomerative": [
    0.7686274509803922,
    0.611764705882353,
    0.5803921568627451
  ],
  "PHATE_Diffusion Condensation": [
    0.8901960784313725,
    0.4666666666666667,
    0.7607843137254902
  ],
  "PHATE_HDBSCAN": [
    0.9686274509803922,
    0.7137254901960784,
    0.8235294117647058
  ],
  "PHATE_Agglomerative": [
    0.4980392156862745,
    0.4980392156862745,
    0.4980392156862745
  ]
}